Workbook

Sheet Podsumowanie
A1: Siz3r — porównanie pomiarów ciała
A2: 12 plików • 4 osoby • 1 i 2 zdjęcia • wszystkie wartości w cm
A3: Średnia pomyłka: o ile cm wynik odbiega od rzeczywistego pomiaru, niezależnie od tego, czy jest większy, czy mniejszy.
A4: Zawyżenie / zaniżenie: + oznacza wynik za duży, − za mały. Zawyżenia i zaniżenia mogą się znosić w średniej.
A5: Co daje 2. zdjęcie? „Lepiej” oznacza mniejszą średnią pomyłkę, a „gorzej” większą. Każda próba ma jednakową wagę.
A7: Mierzony wymiar | B7: Średnio o ile Siz3r się myli [cm] 1 zdjęcie | C7: Średnio o ile Siz3r się myli [cm] 2 zdjęcia | D7: Co daje 2. zdjęcie? Lepiej / gorzej | E7: Średnie zawyżenie lub zaniżenie [cm] 1 zdjęcie | F7: Średnie zawyżenie lub zaniżenie [cm] 2 zdjęcia | G7: Który wariant jest dokładniejszy?
A8: Wzrost | B8: =AVERAGEIFS('Dane źródłowe'!$I$2:$I$253,'Dane źródłowe'!$D$2:$D$253,1,'Dane źródłowe'!$E$2:$E$253,A8) -> 0 | C8: =AVERAGEIFS('Dane źródłowe'!$I$2:$I$253,'Dane źródłowe'!$D$2:$D$253,2,'Dane źródłowe'!$E$2:$E$253,A8) -> 0 | D8: =C8-B8 -> 0 | E8: =AVERAGEIFS('Dane źródłowe'!$H$2:$H$253,'Dane źródłowe'!$D$2:$D$253,1,'Dane źródłowe'!$E$2:$E$253,A8) -> 0 | F8: =AVERAGEIFS('Dane źródłowe'!$H$2:$H$253,'Dane źródłowe'!$D$2:$D$253,2,'Dane źródłowe'!$E$2:$E$253,A8) -> 0 | G8: =IF(B8<C8,"1 zdjęcie",IF(C8<B8,"2 zdjęcia","Tak samo")) -> Tak samo
A9: Obwód szyi | B9: =AVERAGEIFS('Dane źródłowe'!$I$2:$I$253,'Dane źródłowe'!$D$2:$D$253,1,'Dane źródłowe'!$E$2:$E$253,A9) -> 4.3333333 | C9: =AVERAGEIFS('Dane źródłowe'!$I$2:$I$253,'Dane źródłowe'!$D$2:$D$253,2,'Dane źródłowe'!$E$2:$E$253,A9) -> 3.3333333 | D9: =C9-B9 -> -1 | E9: =AVERAGEIFS('Dane źródłowe'!$H$2:$H$253,'Dane źródłowe'!$D$2:$D$253,1,'Dane źródłowe'!$E$2:$E$253,A9) -> 4.1666667 | F9: =AVERAGEIFS('Dane źródłowe'!$H$2:$H$253,'Dane źródłowe'!$D$2:$D$253,2,'Dane źródłowe'!$E$2:$E$253,A9) -> 3 | G9: =IF(B9<C9,"1 zdjęcie",IF(C9<B9,"2 zdjęcia","Tak samo")) -> 2 zdjęcia
A10: Szerokość ramion | B10: =AVERAGEIFS('Dane źródłowe'!$I$2:$I$253,'Dane źródłowe'!$D$2:$D$253,1,'Dane źródłowe'!$E$2:$E$253,A10) -> 1.75 | C10: =AVERAGEIFS('Dane źródłowe'!$I$2:$I$253,'Dane źródłowe'!$D$2:$D$253,2,'Dane źródłowe'!$E$2:$E$253,A10) -> 1.75 | D10: =C10-B10 -> 0 | E10: =AVERAGEIFS('Dane źródłowe'!$H$2:$H$253,'Dane źródłowe'!$D$2:$D$253,1,'Dane źródłowe'!$E$2:$E$253,A10) -> 1.75 | F10: =AVERAGEIFS('Dane źródłowe'!$H$2:$H$253,'Dane źródłowe'!$D$2:$D$253,2,'Dane źródłowe'!$E$2:$E$253,A10) -> 0.25 | G10: =IF(B10<C10,"1 zdjęcie",IF(C10<B10,"2 zdjęcia","Tak samo")) -> Tak samo
A11: Obwód klatki piersiowej | B11: =AVERAGEIFS('Dane źródłowe'!$I$2:$I$253,'Dane źródłowe'!$D$2:$D$253,1,'Dane źródłowe'!$E$2:$E$253,A11) -> 4.5 | C11: =AVERAGEIFS('Dane źródłowe'!$I$2:$I$253,'Dane źródłowe'!$D$2:$D$253,2,'Dane źródłowe'!$E$2:$E$253,A11) -> 5.3333333 | D11: =C11-B11 -> 0.83333333 | E11: =AVERAGEIFS('Dane źródłowe'!$H$2:$H$253,'Dane źródłowe'!$D$2:$D$253,1,'Dane źródłowe'!$E$2:$E$253,A11) -> -0.5 | F11: =AVERAGEIFS('Dane źródłowe'!$H$2:$H$253,'Dane źródłowe'!$D$2:$D$253,2,'Dane źródłowe'!$E$2:$E$253,A11) -> 0.66666667 | G11: =IF(B11<C11,"1 zdjęcie",IF(C11<B11,"2 zdjęcia","Tak samo")) -> 1 zdjęcie
A12: Obwód biustu | B12: =AVERAGEIFS('Dane źródłowe'!$I$2:$I$253,'Dane źródłowe'!$D$2:$D$253,1,'Dane źródłowe'!$E$2:$E$253,A12) -> 4.6666667 | C12: =AVERAGEIFS('Dane źródłowe'!$I$2:$I$253,'Dane źródłowe'!$D$2:$D$253,2,'Dane źródłowe'!$E$2:$E$253,A12) -> 5.5 | D12: =C12-B12 -> 0.83333333 | E12: =AVERAGEIFS('Dane źródłowe'!$H$2:$H$253,'Dane źródłowe'!$D$2:$D$253,1,'Dane źródłowe'!$E$2:$E$253,A12) -> -0.33333333 | F12: =AVERAGEIFS('Dane źródłowe'!$H$2:$H$253,'Dane źródłowe'!$D$2:$D$253,2,'Dane źródłowe'!$E$2:$E$253,A12) -> 0.83333333 | G12: =IF(B12<C12,"1 zdjęcie",IF(C12<B12,"2 zdjęcia","Tak samo")) -> 1 zdjęcie
A13: Obwód pod biustem | B13: =AVERAGEIFS('Dane źródłowe'!$I$2:$I$253,'Dane źródłowe'!$D$2:$D$253,1,'Dane źródłowe'!$E$2:$E$253,A13) -> 5.5 | C13: =AVERAGEIFS('Dane źródłowe'!$I$2:$I$253,'Dane źródłowe'!$D$2:$D$253,2,'Dane źródłowe'!$E$2:$E$253,A13) -> 5.1666667 | D13: =C13-B13 -> -0.33333333 | E13: =AVERAGEIFS('Dane źródłowe'!$H$2:$H$253,'Dane źródłowe'!$D$2:$D$253,1,'Dane źródłowe'!$E$2:$E$253,A13) -> 2.8333333 | F13: =AVERAGEIFS('Dane źródłowe'!$H$2:$H$253,'Dane źródłowe'!$D$2:$D$253,2,'Dane źródłowe'!$E$2:$E$253,A13) -> 3.5 | G13: =IF(B13<C13,"1 zdjęcie",IF(C13<B13,"2 zdjęcia","Tak samo")) -> 2 zdjęcia
A14: Długość ramienia | B14: =AVERAGEIFS('Dane źródłowe'!$I$2:$I$253,'Dane źródłowe'!$D$2:$D$253,1,'Dane źródłowe'!$E$2:$E$253,A14) -> 1 | C14: =AVERAGEIFS('Dane źródłowe'!$I$2:$I$253,'Dane źródłowe'!$D$2:$D$253,2,'Dane źródłowe'!$E$2:$E$253,A14) -> 3.75 | D14: =C14-B14 -> 2.75 | E14: =AVERAGEIFS('Dane źródłowe'!$H$2:$H$253,'Dane źródłowe'!$D$2:$D$253,1,'Dane źródłowe'!$E$2:$E$253,A14) -> 1 | F14: =AVERAGEIFS('Dane źródłowe'!$H$2:$H$253,'Dane źródłowe'!$D$2:$D$253,2,'Dane źródłowe'!$E$2:$E$253,A14) -> 3.25 | G14: =IF(B14<C14,"1 zdjęcie",IF(C14<B14,"2 zdjęcia","Tak samo")) -> 1 zdjęcie
A15: Obwód ramienia | B15: =AVERAGEIFS('Dane źródłowe'!$I$2:$I$253,'Dane źródłowe'!$D$2:$D$253,1,'Dane źródłowe'!$E$2:$E$253,A15) -> 6.1666667 | C15: =AVERAGEIFS('Dane źródłowe'!$I$2:$I$253,'Dane źródłowe'!$D$2:$D$253,2,'Dane źródłowe'!$E$2:$E$253,A15) -> 1.6666667 | D15: =C15-B15 -> -4.5 | E15: =AVERAGEIFS('Dane źródłowe'!$H$2:$H$253,'Dane źródłowe'!$D$2:$D$253,1,'Dane źródłowe'!$E$2:$E$253,A15) -> -4.5 | F15: =AVERAGEIFS('Dane źródłowe'!$H$2:$H$253,'Dane źródłowe'!$D$2:$D$253,2,'Dane źródłowe'!$E$2:$E$253,A15) -> 0.33333333 | G15: =IF(B15<C15,"1 zdjęcie",IF(C15<B15,"2 zdjęcia","Tak samo")) -> 2 zdjęcia
A16: Obwód nadgarstka | B16: =AVERAGEIFS('Dane źródłowe'!$I$2:$I$253,'Dane źródłowe'!$D$2:$D$253,1,'Dane źródłowe'!$E$2:$E$253,A16) -> 2.3333333 | C16: =AVERAGEIFS('Dane źródłowe'!$I$2:$I$253,'Dane źródłowe'!$D$2:$D$253,2,'Dane źródłowe'!$E$2:$E$253,A16) -> 3.6666667 | D16: =C16-B16 -> 1.3333333 | E16: =AVERAGEIFS('Dane źródłowe'!$H$2:$H$253,'Dane źródłowe'!$D$2:$D$253,1,'Dane źródłowe'!$E$2:$E$253,A16) -> -1.3333333 | F16: =AVERAGEIFS('Dane źródłowe'!$H$2:$H$253,'Dane źródłowe'!$D$2:$D$253,2,'Dane źródłowe'!$E$2:$E$253,A16) -> 3.6666667 | G16: =IF(B16<C16,"1 zdjęcie",IF(C16<B16,"2 zdjęcia","Tak samo")) -> 1 zdjęcie
A17: Długość tułowia | B17: =AVERAGEIFS('Dane źródłowe'!$I$2:$I$253,'Dane źródłowe'!$D$2:$D$253,1,'Dane źródłowe'!$E$2:$E$253,A17) -> 21 | C17: =AVERAGEIFS('Dane źródłowe'!$I$2:$I$253,'Dane źródłowe'!$D$2:$D$253,2,'Dane źródłowe'!$E$2:$E$253,A17) -> 20.333333 | D17: =C17-B17 -> -0.66666667 | E17: =AVERAGEIFS('Dane źródłowe'!$H$2:$H$253,'Dane źródłowe'!$D$2:$D$253,1,'Dane źródłowe'!$E$2:$E$253,A17) -> 21 | F17: =AVERAGEIFS('Dane źródłowe'!$H$2:$H$253,'Dane źródłowe'!$D$2:$D$253,2,'Dane źródłowe'!$E$2:$E$253,A17) -> 20.333333 | G17: =IF(B17<C17,"1 zdjęcie",IF(C17<B17,"2 zdjęcia","Tak samo")) -> 2 zdjęcia
A18: Długość przodu | B18: =AVERAGEIFS('Dane źródłowe'!$I$2:$I$253,'Dane źródłowe'!$D$2:$D$253,1,'Dane źródłowe'!$E$2:$E$253,A18) -> 5 | C18: =AVERAGEIFS('Dane źródłowe'!$I$2:$I$253,'Dane źródłowe'!$D$2:$D$253,2,'Dane źródłowe'!$E$2:$E$253,A18) -> 5 | D18: =C18-B18 -> 0 | E18: =AVERAGEIFS('Dane źródłowe'!$H$2:$H$253,'Dane źródłowe'!$D$2:$D$253,1,'Dane źródłowe'!$E$2:$E$253,A18) -> 5 | F18: =AVERAGEIFS('Dane źródłowe'!$H$2:$H$253,'Dane źródłowe'!$D$2:$D$253,2,'Dane źródłowe'!$E$2:$E$253,A18) -> 5 | G18: =IF(B18<C18,"1 zdjęcie",IF(C18<B18,"2 zdjęcia","Tak samo")) -> Tak samo
A19: Długość pleców | B19: =AVERAGEIFS('Dane źródłowe'!$I$2:$I$253,'Dane źródłowe'!$D$2:$D$253,1,'Dane źródłowe'!$E$2:$E$253,A19) -> 1.5 | C19: =AVERAGEIFS('Dane źródłowe'!$I$2:$I$253,'Dane źródłowe'!$D$2:$D$253,2,'Dane źródłowe'!$E$2:$E$253,A19) -> 1.5 | D19: =C19-B19 -> 0 | E19: =AVERAGEIFS('Dane źródłowe'!$H$2:$H$253,'Dane źródłowe'!$D$2:$D$253,1,'Dane źródłowe'!$E$2:$E$253,A19) -> 1.5 | F19: =AVERAGEIFS('Dane źródłowe'!$H$2:$H$253,'Dane źródłowe'!$D$2:$D$253,2,'Dane źródłowe'!$E$2:$E$253,A19) -> 1.5 | G19: =IF(B19<C19,"1 zdjęcie",IF(C19<B19,"2 zdjęcia","Tak samo")) -> Tak samo
... A28: Obwód kostki | B28: =AVERAGEIFS('Dane źródłowe'!$I$2:$I$253,'Dane źródłowe'!$D$2:$D$253,1,'Dane źródłowe'!$E$2:$E$253,A28) -> 10.333333 | C28: =AVERAGEIFS('Dane źródłowe'!$I$2:$I$253,'Dane źródłowe'!$D$2:$D$253,2,'Dane źródłowe'!$E$2:$E$253,A28) -> 9.8333333 | D28: =C28-B28 -> -0.5 | E28: =AVERAGEIFS('Dane źródłowe'!$H$2:$H$253,'Dane źródłowe'!$D$2:$D$253,1,'Dane źródłowe'!$E$2:$E$253,A28) -> -0.66666667 | F28: =AVERAGEIFS('Dane źródłowe'!$H$2:$H$253,'Dane źródłowe'!$D$2:$D$253,2,'Dane źródłowe'!$E$2:$E$253,A28) -> 9.8333333 | G28: =IF(B28<C28,"1 zdjęcie",IF(C28<B28,"2 zdjęcia","Tak samo")) -> 2 zdjęcia
A30: Łącznie (dostępne pozycje) | B30: 8.7722772 | C30: 9.6633663 | D30: 0.89108911 | E30: 4.980198 | F30: 8.2376238 | G30: 1 zdjęcie
A31: Łączny wynik uśrednia 101 dostępnych pozycji na wariant; nie jest średnią z 21 średnich w tabeli.
A32: Plus w różnicy ze znakiem = zawyżenie, minus = zaniżenie. Pomiary klatki i biustu pozostawiono jako odrębne pozycje.

Sheet Osoby
A1: Osoba | B1: Liczba prób 1 zdjęcie | C1: Liczba prób 2 zdjęcia | D1: Średnio o ile Siz3r się myli [cm] 1 zdjęcie | E1: Średnio o ile Siz3r się myli [cm] 2 zdjęcia | F1: Co daje 2. zdjęcie? Lepiej / gorzej
A2: BB | B2: 1 | C2: 1 | D2: 5.8235294 | E2: 8.6470588 | F2: 2.8235294
A3: JB | B3: 2 | C3: 2 | D3: 11.166667 | E3: 11.642857 | F3: 0.47619048
A4: PF | B4: 2 | C4: 2 | D4: 6.9615385 | E4: 7.5769231 | F4: 0.61538462
A5: RF | B5: 1 | C5: 1 | D5: 8.5625 | E5: 8.9375 | F5: 0.375

Sheet Próby
A1: Plik | B1: Osoba | C1: Liczba zdjęć | D1: Numer próby | E1: Brakujące rzeczywiste pomiary | F1: Średnio o ile Siz3r się myli [cm] | G1: Średnie zawyżenie lub zaniżenie [cm]
A2: BB-1photo-1.pdf | B2: BB | C2: 1 | D2: 1 | E2: 4 | F2: 5.8235294 | G2: 3.2352941
A3: BB-2photos-1.pdf | B3: BB | C3: 2 | D3: 1 | E3: 4 | F3: 8.6470588 | G3: 6.5294118
A4: JB-1photo-1.pdf | B4: JB | C4: 1 | D4: 1 | E4: 0 | F4: 10.5 | G4: 7.4047619
A5: JB-1photo-2.pdf | B5: JB | C5: 1 | D5: 2 | E5: 0 | F5: 11.833333 | G5: 7.3571429
A6: JB-2photos-1.pdf | B6: JB | C6: 2 | D6: 1 | E6: 0 | F6: 11.452381 | G6: 11.309524
A7: JB-2photos-2.pdf | B7: JB | C7: 2 | D7: 2 | E7: 0 | F7: 11.833333 | G7: 11.785714
A8: PF-1photo-1.pdf | B8: PF | C8: 1 | D8: 1 | E8: 8 | F8: 6.3846154 | G8: -1.6153846
A9: PF-1photo-2.pdf | B9: PF | C9: 1 | D9: 2 | E9: 8 | F9: 7.5384615 | G9: 4.3076923
A10: PF-2photos-1.pdf | B10: PF | C10: 2 | D10: 1 | E10: 8 | F10: 7.2307692 | G10: 3.0769231
A11: PF-2photos-2.pdf | B11: PF | C11: 2 | D11: 2 | E11: 8 | F11: 7.9230769 | G11: 6.3846154
A12: RF-1photo-1.pdf | B12: RF | C12: 1 | D12: 1 | E12: 5 | F12: 8.5625 | G12: 6.4375
A13: RF-2photos-1.pdf | B13: RF | C13: 2 | D13: 1 | E13: 5 | F13: 8.9375 | G13: 7.0625

Sheet Osoby i wymiary
A1: Osoba | B1: Mierzony wymiar | C1: Średnio o ile Siz3r się myli [cm] 1 zdjęcie | D1: Średnio o ile Siz3r się myli [cm] 2 zdjęcia | E1: Co daje 2. zdjęcie? Lepiej / gorzej | F1: Średnie zawyżenie lub zaniżenie [cm] 1 zdjęcie | G1: Średnie zawyżenie lub zaniżenie [cm] 2 zdjęcia
A2: BB | B2: Wzrost | C2: 0 | D2: 0 | E2: 0 | F2: 0 | G2: 0
A3: BB | B3: Obwód szyi | C3: 8 | D3: 7 | E3: -1 | F3: 8 | G3: 7
A4: BB | B4: Szerokość ramion | C4: 2 | D4: 1 | E4: -1 | F4: 2 | G4: 1
A5: BB | B5: Obwód klatki piersiowej | C5: 4 | D5: 7 | E5: 3 | F5: 4 | G5: 7
A6: BB | B6: Obwód biustu | C6: 4 | D6: 7 | E6: 3 | F6: 4 | G6: 7
A7: BB | B7: Obwód pod biustem | C7: 6 | D7: 8 | E7: 2 | F7: 6 | G7: 8
A8: BB | B8: Długość ramienia | C8: 1 | D8: 5 | E8: 4 | F8: 1 | G8: 5
A9: BB | B9: Obwód ramienia | C9: 5 | D9: 6 | E9: 1 | F9: 5 | G9: 6
A10: BB | B10: Obwód nadgarstka | C10: 4 | D10: 2 | E10: -2 | F10: -4 | G10: 2
A11: BB | B11: Długość tułowia
A12: BB | B12: Długość przodu
A13: BB | B13: Długość pleców
A14: BB | B14: Długość pleców do bioder
A15: BB | B15: Obwód talii | C15: 13 | D15: 23 | E15: 10 | F15: 13 | G15: 23
A16: BB | B16: Obwód bioder | C16: 11 | D16: 18 | E16: 7 | F16: 11 | G16: 18
A17: BB | B17: Wysokość stanu | C17: 11 | D17: 16 | E17: 5 | F17: 11 | G17: 16
A18: BB | B18: Obwód uda | C18: 4 | D18: 4 | E18: 0 | F18: 4 | G18: 4
A19: BB | B19: Długość nogawki po wewnętrznej | C19: 17 | D19: 18 | E19: 1 | F19: -17 | G19: -18
A20: BB | B20: Obwód kolana | C20: 1 | D20: 8 | E20: 7 | F20: -1 | G20: 8
A21: BB | B21: Obwód łydki | C21: 0 | D21: 4 | E21: 4 | F21: 0 | G21: 4
A22: BB | B22: Obwód kostki | C22: 8 | D22: 13 | E22: 5 | F22: 8 | G22: 13
A23: JB | B23: Wzrost | C23: 0 | D23: 0 | E23: 0 | F23: 0 | G23: 0
A24: JB | B24: Obwód szyi | C24: 0.5 | D24: 0.5 | E24: 0 | F24: 0 | G24: -0.5
A25: JB | B25: Szerokość ramion | C25: 2.5 | D25: 1.5 | E25: -1 | F25: 2.5 | G25: 1.5
A26: JB | B26: Obwód klatki piersiowej | C26: 4 | D26: 5 | E26: 1 | F26: 4 | G26: 5
... A45: PF | B45: Obwód szyi | C45: 5 | D45: 2.5 | E45: -2.5 | F45: 5 | G45: 2.5
A46: PF | B46: Szerokość ramion
A47: PF | B47: Obwód klatki piersiowej | C47: 7.5 | D47: 7 | E47: -0.5 | F47: -7.5 | G47: -7
A48: PF | B48: Obwód biustu | C48: 7.5 | D48: 7 | E48: -0.5 | F48: -7.5 | G48: -7
A49: PF | B49: Obwód pod biustem | C49: 5.5 | D49: 3 | E49: -2.5 | F49: -2.5 | G49: -2
A50: PF | B50: Długość ramienia
A51: PF | B51: Obwód ramienia | C51: 4 | D51: 0.5 | E51: -3.5 | F51: -4 | G51: -0.5
A52: PF | B52: Obwód nadgarstka | C52: 1.5 | D52: 5.5 | E52: 4 | F52: 1.5 | G52: 5.5
A53: PF | B53: Długość tułowia
A54: PF | B54: Długość przodu
A55: PF | B55: Długość pleców
A56: PF | B56: Długość pleców do bioder
A57: PF | B57: Obwód talii | C57: 11.5 | D57: 14.5 | E57: 3 | F57: 11.5 | G57: 14.5
A58: PF | B58: Obwód bioder | C58: 11.5 | D58: 10 | E58: -1.5 | F58: 11.5 | G58: 10
A59: PF | B59: Wysokość stanu
A60: PF | B60: Obwód uda | C60: 4 | D60: 12.5 | E60: 8.5 | F60: 4 | G60: 12.5
A61: PF | B61: Długość nogawki po wewnętrznej
A62: PF | B62: Obwód kolana | C62: 19 | D62: 26.5 | E62: 7.5 | F62: 19 | G62: 26.5
A63: PF | B63: Obwód łydki | C63: 6 | D63: 1.5 | E63: -4.5 | F63: -6 | G63: -1.5
A64: PF | B64: Obwód kostki | C64: 7.5 | D64: 8 | E64: 0.5 | F64: -7.5 | G64: 8
A65: RF | B65: Wzrost | C65: 0 | D65: 0 | E65: 0 | F65: 0 | G65: 0
A66: RF | B66: Obwód szyi | C66: 7 | D66: 7 | E66: 0 | F66: 7 | G66: 7
A67: RF | B67: Szerokość ramion | C67: 0 | D67: 3 | E67: 3 | F67: 0 | G67: -3
A68: RF | B68: Obwód klatki piersiowej | C68: 0 | D68: 1 | E68: 1 | F68: 0 | G68: 1
A69: RF | B69: Obwód biustu | C69: 1 | D69: 2 | E69: 1 | F69: 1 | G69: 2
A70: RF | B70: Obwód pod biustem | C70: 4 | D70: 4 | E70: 0 | F70: 4 | G70: 4
A71: RF | B71: Długość ramienia | C71: 0 | D71: 1 | E71: 1 | F71: 0 | G71: -1
A72: RF | B72: Obwód ramienia | C72: 8 | D72: 2 | E72: -6 | F72: -8 | G72: -2
A73: RF | B73: Obwód nadgarstka | C73: 0 | D73: 4 | E73: 4 | F73: 0 | G73: 4
A74: RF | B74: Długość tułowia | C74: 15 | D74: 13 | E74: -2 | F74: 15 | G74: 13
A75: RF | B75: Długość przodu
A76: RF | B76: Długość pleców
A77: RF | B77: Długość pleców do bioder
A78: RF | B78: Obwód talii | C78: 22 | D78: 19 | E78: -3 | F78: 22 | G78: 19
A79: RF | B79: Obwód bioder | C79: 34 | D79: 21 | E79: -13 | F79: 34 | G79: 21
A80: RF | B80: Wysokość stanu
A81: RF | B81: Obwód uda | C81: 9 | D81: 9 | E81: 0 | F81: -9 | G81: -9
A82: RF | B82: Długość nogawki po wewnętrznej
A83: RF | B83: Obwód kolana | C83: 6 | D83: 16 | E83: 10 | F83: 6 | G83: 16
A84: RF | B84: Obwód łydki | C84: 10 | D84: 15 | E84: 5 | F84: 10 | G84: 15
A85: RF | B85: Obwód kostki | C85: 21 | D85: 26 | E85: 5 | F85: 21 | G85: 26

Sheet Równa waga osób
A1: Równa waga osób — wariant pomocniczy
A2: Najpierw średni błąd z prób jednej osoby, potem średnia z osób z dostępnym pomiarem. JB i PF nie mają większej wagi.
A3: Mierzony wymiar | B3: Liczba osób | C3: Średnio o ile Siz3r się myli [cm] 1 zdjęcie | D3: Średnio o ile Siz3r się myli [cm] 2 zdjęcia | E3: Co daje 2. zdjęcie? Lepiej / gorzej
A4: Wzrost | B4: 4 | C4: 0 | D4: 0 | E4: 0
A5: Obwód szyi | B5: 4 | C5: 5.125 | D5: 4.25 | E5: -0.875
A6: Szerokość ramion | B6: 3 | C6: 1.5 | D6: 1.8333333 | E6: 0.33333333
A7: Obwód klatki piersiowej | B7: 4 | C7: 3.875 | D7: 5 | E7: 1.125
A8: Obwód biustu | B8: 4 | C8: 4.125 | D8: 5.25 | E8: 1.125
A9: Obwód pod biustem | B9: 4 | C9: 5.375 | D9: 5.375 | E9: 0
A10: Długość ramienia | B10: 3 | C10: 0.83333333 | D10: 3.5 | E10: 2.6666667
A11: Obwód ramienia | B11: 4 | C11: 6.25 | D11: 2.25 | E11: -4
A12: Obwód nadgarstka | B12: 4 | C12: 2.25 | D12: 3.5 | E12: 1.25
A13: Długość tułowia | B13: 2 | C13: 19.5 | D13: 18.5 | E13: -1
A14: Długość przodu | B14: 1 | C14: 5 | D14: 5 | E14: 0
A15: Długość pleców | B15: 1 | C15: 1.5 | D15: 1.5 | E15: 0
... A24: Obwód kostki | B24: 4 | C24: 11.375 | D24: 12.25 | E24: 0.875

Sheet Dane źródłowe
A1: Plik | B1: Osoba | C1: Próba | D1: Liczba zdjęć | E1: Pomiar | F1: Siz3r [cm] | G1: Rzeczywisty [cm] | H1: Różnica [cm] | I1: Bezwzględna różnica [cm] | J1: Różnica w PDF [cm] | K1: Dostępność
A2: BB-1photo-1.pdf | B2: BB | C2: 1 | D2: 1 | E2: Wzrost | F2: 177 | G2: 177 | H2: =IF(G2="","",F2-G2) -> 0 | I2: =IF(H2="","",ABS(H2)) -> 0 | J2: 0 | K2: OK
A3: BB-1photo-1.pdf | B3: BB | C3: 1 | D3: 1 | E3: Obwód szyi | F3: 47 | G3: 39 | H3: =IF(G3="","",F3-G3) -> 8 | I3: =IF(H3="","",ABS(H3)) -> 8 | J3: 8 | K3: OK
A4: BB-1photo-1.pdf | B4: BB | C4: 1 | D4: 1 | E4: Szerokość ramion | F4: 46 | G4: 44 | H4: =IF(G4="","",F4-G4) -> 2 | I4: =IF(H4="","",ABS(H4)) -> 2 | J4: 2 | K4: OK
A5: BB-1photo-1.pdf | B5: BB | C5: 1 | D5: 1 | E5: Obwód klatki piersiowej | F5: 96 | G5: 92 | H5: =IF(G5="","",F5-G5) -> 4 | I5: =IF(H5="","",ABS(H5)) -> 4 | J5: 4 | K5: OK
A6: BB-1photo-1.pdf | B6: BB | C6: 1 | D6: 1 | E6: Obwód biustu | F6: 96 | G6: 92 | H6: =IF(G6="","",F6-G6) -> 4 | I6: =IF(H6="","",ABS(H6)) -> 4 | J6: 4 | K6: OK
A7: BB-1photo-1.pdf | B7: BB | C7: 1 | D7: 1 | E7: Obwód pod biustem | F7: 91 | G7: 85 | H7: =IF(G7="","",F7-G7) -> 6 | I7: =IF(H7="","",ABS(H7)) -> 6 | J7: 6 | K7: OK
A8: BB-1photo-1.pdf | B8: BB | C8: 1 | D8: 1 | E8: Długość ramienia | F8: 61 | G8: 60 | H8: =IF(G8="","",F8-G8) -> 1 | I8: =IF(H8="","",ABS(H8)) -> 1 | J8: 1 | K8: OK
A9: BB-1photo-1.pdf | B9: BB | C9: 1 | D9: 1 | E9: Obwód ramienia | F9: 34 | G9: 29 | H9: =IF(G9="","",F9-G9) -> 5 | I9: =IF(H9="","",ABS(H9)) -> 5 | J9: 5 | K9: OK
A10: BB-1photo-1.pdf | B10: BB | C10: 1 | D10: 1 | E10: Obwód nadgarstka | F10: 13 | G10: 17 | H10: =IF(G10="","",F10-G10) -> -4 | I10: =IF(H10="","",ABS(H10)) -> 4 | J10: -4 | K10: OK
A11: BB-1photo-1.pdf | B11: BB | C11: 1 | D11: 1 | E11: Długość tułowia | F11: 71 | H11: =IF(G11="","",F11-G11) | I11: =IF(H11="","",ABS(H11)) | K11: Brak rzeczywistego
A12: BB-1photo-1.pdf | B12: BB | C12: 1 | D12: 1 | E12: Długość przodu | F12: 61 | H12: =IF(G12="","",F12-G12) | I12: =IF(H12="","",ABS(H12)) | K12: Brak rzeczywistego
A13: BB-1photo-1.pdf | B13: BB | C13: 1 | D13: 1 | E13: Długość pleców | F13: 59 | H13: =IF(G13="","",F13-G13) | I13: =IF(H13="","",ABS(H13)) | K13: Brak rzeczywistego
A14: BB-1photo-1.pdf | B14: BB | C14: 1 | D14: 1 | E14: Długość pleców do bioder | F14: 71 | H14: =IF(G14="","",F14-G14) | I14: =IF(H14="","",ABS(H14)) | K14: Brak rzeczywistego
A15: BB-1photo-1.pdf | B15: BB | C15: 1 | D15: 1 | E15: Obwód talii | F15: 101 | G15: 88 | H15: =IF(G15="","",F15-G15) -> 13 | I15: =IF(H15="","",ABS(H15)) -> 13 | J15: 13 | K15: OK
A16: BB-1photo-1.pdf | B16: BB | C16: 1 | D16: 1 | E16: Obwód bioder | F16: 108 | G16: 97 | H16: =IF(G16="","",F16-G16) -> 11 | I16: =IF(H16="","",ABS(H16)) -> 11 | J16: 11 | K16: OK
A17: BB-1photo-1.pdf | B17: BB | C17: 1 | D17: 1 | E17: Wysokość stanu | F17: 84 | G17: 73 | H17: =IF(G17="","",F17-G17) -> 11 | I17: =IF(H17="","",ABS(H17)) -> 11 | J17: 11 | K17: OK
A18: BB-1photo-1.pdf | B18: BB | C18: 1 | D18: 1 | E18: Obwód uda | F18: 58 | G18: 54 | H18: =IF(G18="","",F18-G18) -> 4 | I18: =IF(H18="","",ABS(H18)) -> 4 | J18: 4 | K18: OK
A19: BB-1photo-1.pdf | B19: BB | C19: 1 | D19: 1 | E19: Długość nogawki po wewnętrznej | F19: 67 | G19: 84 | H19: =IF(G19="","",F19-G19) -> -17 | I19: =IF(H19="","",ABS(H19)) -> 17 | J19: -17 | K19: OK
A20: BB-1photo-1.pdf | B20: BB | C20: 1 | D20: 1 | E20: Obwód kolana | F20: 37 | G20: 38 | H20: =IF(G20="","",F20-G20) -> -1 | I20: =IF(H20="","",ABS(H20)) -> 1 | J20: -1 | K20: OK
A21: BB-1photo-1.pdf | B21: BB | C21: 1 | D21: 1 | E21: Obwód łydki | F21: 37 | G21: 37 | H21: =IF(G21="","",F21-G21) -> 0 | I21: =IF(H21="","",ABS(H21)) -> 0 | J21: 0 | K21: OK
A22: BB-1photo-1.pdf | B22: BB | C22: 1 | D22: 1 | E22: Obwód kostki | F22: 31 | G22: 23 | H22: =IF(G22="","",F22-G22) -> 8 | I22: =IF(H22="","",ABS(H22)) -> 8 | J22: 8 | K22: OK
A23: BB-2photos-1.pdf | B23: BB | C23: 1 | D23: 2 | E23: Wzrost | F23: 177 | G23: 177 | H23: =IF(G23="","",F23-G23) -> 0 | I23: =IF(H23="","",ABS(H23)) -> 0 | J23: 0 | K23: OK
A24: BB-2photos-1.pdf | B24: BB | C24: 1 | D24: 2 | E24: Obwód szyi | F24: 46 | G24: 39 | H24: =IF(G24="","",F24-G24) -> 7 | I24: =IF(H24="","",ABS(H24)) -> 7 | J24: 7 | K24: OK
A25: BB-2photos-1.pdf | B25: BB | C25: 1 | D25: 2 | E25: Szerokość ramion | F25: 45 | G25: 44 | H25: =IF(G25="","",F25-G25) -> 1 | I25: =IF(H25="","",ABS(H25)) -> 1 | J25: 1 | K25: OK
A26: BB-2photos-1.pdf | B26: BB | C26: 1 | D26: 2 | E26: Obwód klatki piersiowej | F26: 99 | G26: 92 | H26: =IF(G26="","",F26-G26) -> 7 | I26: =IF(H26="","",ABS(H26)) -> 7 | J26: 7 | K26: OK
... A31: BB-2photos-1.pdf | B31: BB | C31: 1 | D31: 2 | E31: Obwód nadgarstka | F31: 19 | G31: 17 | H31: =IF(G31="","",F31-G31) -> 2 | I31: =IF(H31="","",ABS(H31)) -> 2 | J31: 2 | K31: OK
A32: BB-2photos-1.pdf | B32: BB | C32: 1 | D32: 2 | E32: Długość tułowia | F32: 73 | H32: =IF(G32="","",F32-G32) | I32: =IF(H32="","",ABS(H32)) | K32: Brak rzeczywistego
A33: BB-2photos-1.pdf | B33: BB | C33: 1 | D33: 2 | E33: Długość przodu | F33: 63 | H33: =IF(G33="","",F33-G33) | I33: =IF(H33="","",ABS(H33)) | K33: Brak rzeczywistego
A34: BB-2photos-1.pdf | B34: BB | C34: 1 | D34: 2 | E34: Długość pleców | F34: 61 | H34: =IF(G34="","",F34-G34) | I34: =IF(H34="","",ABS(H34)) | K34: Brak rzeczywistego
A35: BB-2photos-1.pdf | B35: BB | C35: 1 | D35: 2 | E35: Długość pleców do bioder | F35: 73 | H35: =IF(G35="","",F35-G35) | I35: =IF(H35="","",ABS(H35)) | K35: Brak rzeczywistego
A36: BB-2photos-1.pdf | B36: BB | C36: 1 | D36: 2 | E36: Obwód talii | F36: 111 | G36: 88 | H36: =IF(G36="","",F36-G36) -> 23 | I36: =IF(H36="","",ABS(H36)) -> 23 | J36: 23 | K36: OK
A37: BB-2photos-1.pdf | B37: BB | C37: 1 | D37: 2 | E37: Obwód bioder | F37: 115 | G37: 97 | H37: =IF(G37="","",F37-G37) -> 18 | I37: =IF(H37="","",ABS(H37)) -> 18 | J37: 18 | K37: OK
A38: BB-2photos-1.pdf | B38: BB | C38: 1 | D38: 2 | E38: Wysokość stanu | F38: 89 | G38: 73 | H38: =IF(G38="","",F38-G38) -> 16 | I38: =IF(H38="","",ABS(H38)) -> 16 | J38: 16 | K38: OK
A39: BB-2photos-1.pdf | B39: BB | C39: 1 | D39: 2 | E39: Obwód uda | F39: 58 | G39: 54 | H39: =IF(G39="","",F39-G39) -> 4 | I39: =IF(H39="","",ABS(H39)) -> 4 | J39: 4 | K39: OK
A40: BB-2photos-1.pdf | B40: BB | C40: 1 | D40: 2 | E40: Długość nogawki po wewnętrznej | F40: 66 | G40: 84 | H40: =IF(G40="","",F40-G40) -> -18 | I40: =IF(H40="","",ABS(H40)) -> 18 | J40: -18 | K40: OK
A41: BB-2photos-1.pdf | B41: BB | C41: 1 | D41: 2 | E41: Obwód kolana | F41: 46 | G41: 38 | H41: =IF(G41="","",F41-G41) -> 8 | I41: =IF(H41="","",ABS(H41)) -> 8 | J41: 8 | K41: OK
A42: BB-2photos-1.pdf | B42: BB | C42: 1 | D42: 2 | E42: Obwód łydki | F42: 41 | G42: 37 | H42: =IF(G42="","",F42-G42) -> 4 | I42: =IF(H42="","",ABS(H42)) -> 4 | J42: 4 | K42: OK
A43: BB-2photos-1.pdf | B43: BB | C43: 1 | D43: 2 | E43: Obwód kostki | F43: 36 | G43: 23 | H43: =IF(G43="","",F43-G43) -> 13 | I43: =IF(H43="","",ABS(H43)) -> 13 | J43: 13 | K43: OK
A44: JB-1photo-1.pdf | B44: JB | C44: 1 | D44: 1 | E44: Wzrost | F44: 186 | G44: 186 | H44: =IF(G44="","",F44-G44) -> 0 | I44: =IF(H44="","",ABS(H44)) -> 0 | J44: 0 | K44: OK
A45: JB-1photo-1.pdf | B45: JB | C45: 1 | D45: 1 | E45: Obwód szyi | F45: 41 | G45: 41.5 | H45: =IF(G45="","",F45-G45) -> -0.5 | I45: =IF(H45="","",ABS(H45)) -> 0.5 | J45: -0.5 | K45: OK
A46: JB-1photo-1.pdf | B46: JB | C46: 1 | D46: 1 | E46: Szerokość ramion | F46: 48 | G46: 46 | H46: =IF(G46="","",F46-G46) -> 2 | I46: =IF(H46="","",ABS(H46)) -> 2 | J46: 2 | K46: OK
A47: JB-1photo-1.pdf | B47: JB | C47: 1 | D47: 1 | E47: Obwód klatki piersiowej | F47: 97 | G47: 94 | H47: =IF(G47="","",F47-G47) -> 3 | I47: =IF(H47="","",ABS(H47)) -> 3 | J47: 3 | K47: OK
... A129: PF-1photo-1.pdf | B129: PF | C129: 1 | D129: 1 | E129: Obwód szyi | F129: 43 | G129: 41 | H129: =IF(G129="","",F129-G129) -> 2 | I129: =IF(H129="","",ABS(H129)) -> 2 | J129: 2 | K129: OK
A130: PF-1photo-1.pdf | B130: PF | C130: 1 | D130: 1 | E130: Szerokość ramion | F130: 44 | H130: =IF(G130="","",F130-G130) | I130: =IF(H130="","",ABS(H130)) | K130: Brak rzeczywistego
A131: PF-1photo-1.pdf | B131: PF | C131: 1 | D131: 1 | E131: Obwód klatki piersiowej | F131: 90 | G131: 103 | H131: =IF(G131="","",F131-G131) -> -13 | I131: =IF(H131="","",ABS(H131)) -> 13 | J131: -13 | K131: OK
A132: PF-1photo-1.pdf | B132: PF | C132: 1 | D132: 1 | E132: Obwód biustu | F132: 90 | G132: 103 | H132: =IF(G132="","",F132-G132) -> -13 | I132: =IF(H132="","",ABS(H132)) -> 13 | J132: -13 | K132: OK
A133: PF-1photo-1.pdf | B133: PF | C133: 1 | D133: 1 | E133: Obwód pod biustem | F133: 85 | G133: 93 | H133: =IF(G133="","",F133-G133) -> -8 | I133: =IF(H133="","",ABS(H133)) -> 8 | J133: -8 | K133: OK
A134: PF-1photo-1.pdf | B134: PF | C134: 1 | D134: 1 | E134: Długość ramienia | F134: 55 | H134: =IF(G134="","",F134-G134) | I134: =IF(H134="","",ABS(H134)) | K134: Brak rzeczywistego
A135: PF-1photo-1.pdf | B135: PF | C135: 1 | D135: 1 | E135: Obwód ramienia | F135: 29 | G135: 32 | H135: =IF(G135="","",F135-G135) -> -3 | I135: =IF(H135="","",ABS(H135)) -> 3 | J135: -3 | K135: OK
A136: PF-1photo-1.pdf | B136: PF | C136: 1 | D136: 1 | E136: Obwód nadgarstka | F136: 18 | G136: 17 | H136: =IF(G136="","",F136-G136) -> 1 | I136: =IF(H136="","",ABS(H136)) -> 1 | J136: 1 | K136: OK
A137: PF-1photo-1.pdf | B137: PF | C137: 1 | D137: 1 | E137: Długość tułowia | F137: 65 | H137: =IF(G137="","",F137-G137) | I137: =IF(H137="","",ABS(H137)) | K137: Brak rzeczywistego
A138: PF-1photo-1.pdf | B138: PF | C138: 1 | D138: 1 | E138: Długość przodu | F138: 56 | H138: =IF(G138="","",F138-G138) | I138: =IF(H138="","",ABS(H138)) | K138: Brak rzeczywistego
A139: PF-1photo-1.pdf | B139: PF | C139: 1 | D139: 1 | E139: Długość pleców | F139: 54 | H139: =IF(G139="","",F139-G139) | I139: =IF(H139="","",ABS(H139)) | K139: Brak rzeczywistego
A140: PF-1photo-1.pdf | B140: PF | C140: 1 | D140: 1 | E140: Długość pleców do bioder | F140: 65 | H140: =IF(G140="","",F140-G140) | I140: =IF(H140="","",ABS(H140)) | K140: Brak rzeczywistego
A141: PF-1photo-1.pdf | B141: PF | C141: 1 | D141: 1 | E141: Obwód talii | F141: 99 | G141: 93 | H141: =IF(G141="","",F141-G141) -> 6 | I141: =IF(H141="","",ABS(H141)) -> 6 | J141: 6 | K141: OK
A142: PF-1photo-1.pdf | B142: PF | C142: 1 | D142: 1 | E142: Obwód bioder | F142: 111 | G142: 106 | H142: =IF(G142="","",F142-G142) -> 5 | I142: =IF(H142="","",ABS(H142)) -> 5 | J142: 5 | K142: OK
A143: PF-1photo-1.pdf | B143: PF | C143: 1 | D143: 1 | E143: Wysokość stanu | F143: 86 | H143: =IF(G143="","",F143-G143) | I143: =IF(H143="","",ABS(H143)) | K143: Brak rzeczywistego
A144: PF-1photo-1.pdf | B144: PF | C144: 1 | D144: 1 | E144: Obwód uda | F144: 62 | G144: 61 | H144: =IF(G144="","",F144-G144) -> 1 | I144: =IF(H144="","",ABS(H144)) -> 1 | J144: 1 | K144: OK
A145: PF-1photo-1.pdf | B145: PF | C145: 1 | D145: 1 | E145: Długość nogawki po wewnętrznej | F145: 90 | H145: =IF(G145="","",F145-G145) | I145: =IF(H145="","",ABS(H145)) | K145: Brak rzeczywistego
A146: PF-1photo-1.pdf | B146: PF | C146: 1 | D146: 1 | E146: Obwód kolana | F146: 57 | G146: 41 | H146: =IF(G146="","",F146-G146) -> 16 | I146: =IF(H146="","",ABS(H146)) -> 16 | J146: 16 | K146: OK
A147: PF-1photo-1.pdf | B147: PF | C147: 1 | D147: 1 | E147: Obwód łydki | F147: 32 | G147: 39 | H147: =IF(G147="","",F147-G147) -> -7 | I147: =IF(H147="","",ABS(H147)) -> 7 | J147: -7 | K147: OK
A148: PF-1photo-1.pdf | B148: PF | C148: 1 | D148: 1 | E148: Obwód kostki | F148: 17 | G148: 25 | H148: =IF(G148="","",F148-G148) -> -8 | I148: =IF(H148="","",ABS(H148)) -> 8 | J148: -8 | K148: OK
A149: PF-1photo-2.pdf | B149: PF | C149: 2 | D149: 1 | E149: Wzrost | F149: 191 | G149: 191 | H149: =IF(G149="","",F149-G149) -> 0 | I149: =IF(H149="","",ABS(H149)) -> 0 | J149: 0 | K149: OK
A150: PF-1photo-2.pdf | B150: PF | C150: 2 | D150: 1 | E150: Obwód szyi | F150: 49 | G150: 41 | H150: =IF(G150="","",F150-G150) -> 8 | I150: =IF(H150="","",ABS(H150)) -> 8 | J150: 8 | K150: OK
A151: PF-1photo-2.pdf | B151: PF | C151: 2 | D151: 1 | E151: Szerokość ramion | F151: 50 | H151: =IF(G151="","",F151-G151) | I151: =IF(H151="","",ABS(H151)) | K151: Brak rzeczywistego
A152: PF-1photo-2.pdf | B152: PF | C152: 2 | D152: 1 | E152: Obwód klatki piersiowej | F152: 101 | G152: 103 | H152: =IF(G152="","",F152-G152) -> -2 | I152: =IF(H152="","",ABS(H152)) -> 2 | J152: -2 | K152: OK
A153: PF-1photo-2.pdf | B153: PF | C153: 2 | D153: 1 | E153: Obwód biustu | F153: 101 | G153: 103 | H153: =IF(G153="","",F153-G153) -> -2 | I153: =IF(H153="","",ABS(H153)) -> 2 | J153: -2 | K153: OK
A154: PF-1photo-2.pdf | B154: PF | C154: 2 | D154: 1 | E154: Obwód pod biustem | F154: 96 | G154: 93 | H154: =IF(G154="","",F154-G154) -> 3 | I154: =IF(H154="","",ABS(H154)) -> 3 | J154: 3 | K154: OK
A155: PF-1photo-2.pdf | B155: PF | C155: 2 | D155: 1 | E155: Długość ramienia | F155: 62 | H155: =IF(G155="","",F155-G155) | I155: =IF(H155="","",ABS(H155)) | K155: Brak rzeczywistego
A156: PF-1photo-2.pdf | B156: PF | C156: 2 | D156: 1 | E156: Obwód ramienia | F156: 27 | G156: 32 | H156: =IF(G156="","",F156-G156) -> -5 | I156: =IF(H156="","",ABS(H156)) -> 5 | J156: -5 | K156: OK
A157: PF-1photo-2.pdf | B157: PF | C157: 2 | D157: 1 | E157: Obwód nadgarstka | F157: 19 | G157: 17 | H157: =IF(G157="","",F157-G157) -> 2 | I157: =IF(H157="","",ABS(H157)) -> 2 | J157: 2 | K157: OK
A158: PF-1photo-2.pdf | B158: PF | C158: 2 | D158: 1 | E158: Długość tułowia | F158: 72 | H158: =IF(G158="","",F158-G158) | I158: =IF(H158="","",ABS(H158)) | K158: Brak rzeczywistego
A159: PF-1photo-2.pdf | B159: PF | C159: 2 | D159: 1 | E159: Długość przodu | F159: 62 | H159: =IF(G159="","",F159-G159) | I159: =IF(H159="","",ABS(H159)) | K159: Brak rzeczywistego
A160: PF-1photo-2.pdf | B160: PF | C160: 2 | D160: 1 | E160: Długość pleców | F160: 60 | H160: =IF(G160="","",F160-G160) | I160: =IF(H160="","",ABS(H160)) | K160: Brak rzeczywistego
A161: PF-1photo-2.pdf | B161: PF | C161: 2 | D161: 1 | E161: Długość pleców do bioder | F161: 72 | H161: =IF(G161="","",F161-G161) | I161: =IF(H161="","",ABS(H161)) | K161: Brak rzeczywistego
A162: PF-1photo-2.pdf | B162: PF | C162: 2 | D162: 1 | E162: Obwód talii | F162: 110 | G162: 93 | H162: =IF(G162="","",F162-G162) -> 17 | I162: =IF(H162="","",ABS(H162)) -> 17 | J162: 17 | K162: OK
A163: PF-1photo-2.pdf | B163: PF | C163: 2 | D163: 1 | E163: Obwód bioder | F163: 124 | G163: 106 | H163: =IF(G163="","",F163-G163) -> 18 | I163: =IF(H163="","",ABS(H163)) -> 18 | J163: 18 | K163: OK
A164: PF-1photo-2.pdf | B164: PF | C164: 2 | D164: 1 | E164: Wysokość stanu | F164: 96 | H164: =IF(G164="","",F164-G164) | I164: =IF(H164="","",ABS(H164)) | K164: Brak rzeczywistego
A165: PF-1photo-2.pdf | B165: PF | C165: 2 | D165: 1 | E165: Obwód uda | F165: 68 | G165: 61 | H165: =IF(G165="","",F165-G165) -> 7 | I165: =IF(H165="","",ABS(H165)) -> 7 | J165: 7 | K165: OK
A166: PF-1photo-2.pdf | B166: PF | C166: 2 | D166: 1 | E166: Długość nogawki po wewnętrznej | F166: 79 | H166: =IF(G166="","",F166-G166) | I166: =IF(H166="","",ABS(H166)) | K166: Brak rzeczywistego
A167: PF-1photo-2.pdf | B167: PF | C167: 2 | D167: 1 | E167: Obwód kolana | F167: 63 | G167: 41 | H167: =IF(G167="","",F167-G167) -> 22 | I167: =IF(H167="","",ABS(H167)) -> 22 | J167: 22 | K167: OK
A168: PF-1photo-2.pdf | B168: PF | C168: 2 | D168: 1 | E168: Obwód łydki | F168: 34 | G168: 39 | H168: =IF(G168="","",F168-G168) -> -5 | I168: =IF(H168="","",ABS(H168)) -> 5 | J168: -5 | K168: OK
A169: PF-1photo-2.pdf | B169: PF | C169: 2 | D169: 1 | E169: Obwód kostki | F169: 18 | G169: 25 | H169: =IF(G169="","",F169-G169) -> -7 | I169: =IF(H169="","",ABS(H169)) -> 7 | J169: -7 | K169: OK
A170: PF-2photos-1.pdf | B170: PF | C170: 1 | D170: 2 | E170: Wzrost | F170: 191 | G170: 191 | H170: =IF(G170="","",F170-G170) -> 0 | I170: =IF(H170="","",ABS(H170)) -> 0 | J170: 0 | K170: OK
A171: PF-2photos-1.pdf | B171: PF | C171: 1 | D171: 2 | E171: Obwód szyi | F171: 43 | G171: 41 | H171: =IF(G171="","",F171-G171) -> 2 | I171: =IF(H171="","",ABS(H171)) -> 2 | J171: 2 | K171: OK
A172: PF-2photos-1.pdf | B172: PF | C172: 1 | D172: 2 | E172: Szerokość ramion | F172: 44 | H172: =IF(G172="","",F172-G172) | I172: =IF(H172="","",ABS(H172)) | K172: Brak rzeczywistego
A173: PF-2photos-1.pdf | B173: PF | C173: 1 | D173: 2 | E173: Obwód klatki piersiowej | F173: 93 | G173: 103 | H173: =IF(G173="","",F173-G173) -> -10 | I173: =IF(H173="","",ABS(H173)) -> 10 | J173: -10 | K173: OK
A174: PF-2photos-1.pdf | B174: PF | C174: 1 | D174: 2 | E174: Obwód biustu | F174: 93 | G174: 103 | H174: =IF(G174="","",F174-G174) -> -10 | I174: =IF(H174="","",ABS(H174)) -> 10 | J174: -10 | K174: OK
A175: PF-2photos-1.pdf | B175: PF | C175: 1 | D175: 2 | E175: Obwód pod biustem | F175: 88 | G175: 93 | H175: =IF(G175="","",F175-G175) -> -5 | I175: =IF(H175="","",ABS(H175)) -> 5 | J175: -5 | K175: OK
A176: PF-2photos-1.pdf | B176: PF | C176: 1 | D176: 2 | E176: Długość ramienia | F176: 61 | H176: =IF(G176="","",F176-G176) | I176: =IF(H176="","",ABS(H176)) | K176: Brak rzeczywistego
A177: PF-2photos-1.pdf | B177: PF | C177: 1 | D177: 2 | E177: Obwód ramienia | F177: 32 | G177: 32 | H177: =IF(G177="","",F177-G177) -> 0 | I177: =IF(H177="","",ABS(H177)) -> 0 | J177: 0 | K177: OK
A178: PF-2photos-1.pdf | B178: PF | C178: 1 | D178: 2 | E178: Obwód nadgarstka | F178: 22 | G178: 17 | H178: =IF(G178="","",F178-G178) -> 5 | I178: =IF(H178="","",ABS(H178)) -> 5 | J178: 5 | K178: OK
A179: PF-2photos-1.pdf | B179: PF | C179: 1 | D179: 2 | E179: Długość tułowia | F179: 68 | H179: =IF(G179="","",F179-G179) | I179: =IF(H179="","",ABS(H179)) | K179: Brak rzeczywistego
A180: PF-2photos-1.pdf | B180: PF | C180: 1 | D180: 2 | E180: Długość przodu | F180: 59 | H180: =IF(G180="","",F180-G180) | I180: =IF(H180="","",ABS(H180)) | K180: Brak rzeczywistego
A181: PF-2photos-1.pdf | B181: PF | C181: 1 | D181: 2 | E181: Długość pleców | F181: 57 | H181: =IF(G181="","",F181-G181) | I181: =IF(H181="","",ABS(H181)) | K181: Brak rzeczywistego
A182: PF-2photos-1.pdf | B182: PF | C182: 1 | D182: 2 | E182: Długość pleców do bioder | F182: 68 | H182: =IF(G182="","",F182-G182) | I182: =IF(H182="","",ABS(H182)) | K182: Brak rzeczywistego
A183: PF-2photos-1.pdf | B183: PF | C183: 1 | D183: 2 | E183: Obwód talii | F183: 104 | G183: 93 | H183: =IF(G183="","",F183-G183) -> 11 | I183: =IF(H183="","",ABS(H183)) -> 11 | J183: 11 | K183: OK
A184: PF-2photos-1.pdf | B184: PF | C184: 1 | D184: 2 | E184: Obwód bioder | F184: 112 | G184: 106 | H184: =IF(G184="","",F184-G184) -> 6 | I184: =IF(H184="","",ABS(H184)) -> 6 | J184: 6 | K184: OK
A185: PF-2photos-1.pdf | B185: PF | C185: 1 | D185: 2 | E185: Wysokość stanu | F185: 87 | H185: =IF(G185="","",F185-G185) | I185: =IF(H185="","",ABS(H185)) | K185: Brak rzeczywistego
...

Sheet Jak czytać
A1: Jak czytać raport
A2: Cel: średnie różnice Siz3r względem pomiarów rzeczywistych, osobno dla jednego i dwóch zdjęć.
A3: Nazwa JB-1photo-1: osoba JB, jedno zdjęcie, pierwsza próba. PF-2photos-2: osoba PF, dwa zdjęcia, druga próba.
A4: Liczbę zdjęć i próbę odczytano z nazw plików. Tytuły PDF typu „zdjęcie 3” nie określają liczby zdjęć wejściowych.
A5: Z 12 PDF odczytano 252 pozycje: 202 z pomiarem rzeczywistym i 50 bez niego. Po 101 porównań na wariant.
A6: Średnio o ile Siz3r się myli: średnia odległość wyniku od rzeczywistego pomiaru. Zawsze 0 lub więcej; mniej oznacza dokładniej.
A7: Przykład: wynik za duży o 4 cm i za mały o 4 cm dają średnią pomyłkę 4 cm, lecz średnie zawyżenie / zaniżenie 0 cm.
A8: Średnie zawyżenie / zaniżenie: średnia z Siz3r minus rzeczywisty. Plus oznacza wynik za duży, minus za mały.
A9: Co daje 2. zdjęcie: „1,00 cm lepiej” oznacza pomyłkę mniejszą o 1 cm, „1,00 cm gorzej” większą o 1 cm.
A10: Excel przechowuje efekt jako liczbę: wynik dla 2 zdjęć minus wynik dla 1 zdjęcia. Format komórki dodaje słowo „lepiej” lub „gorzej”.
A11: Główna tabela nadaje każdej próbie tę samą wagę. BB i RF mają po jednej próbie na wariant; JB i PF po dwie.
A12: Zakładka „Równa waga osób” pokazuje dodatkowy wariant, w którym najpierw uśredniono próby każdej osoby.
... A23: Źródłowe pliki pozostawiono bez zmian. Plik analiza.py umożliwia ponowne wygenerowanie raportu.

Sheet Pliki źródłowe
A1: Plik | B1: Osoba | C1: Liczba zdjęć | D1: Próba | E1: Liczba wierszy | F1: Strony | G1: SHA-256
A2: BB-1photo-1.pdf | B2: BB | C2: 1 | D2: 1 | E2: 21 | F2: 1 | G2: d6350421cb3338ce8ecb252a263379a5f8162b1284ef4cf251d7ab512d4a1210
A3: BB-2photos-1.pdf | B3: BB | C3: 2 | D3: 1 | E3: 21 | F3: 1 | G3: 2f36506a5147eeb2ca4df1ae929d3b89d582ff1e29f9d63e9aa55f6b9a9c0c3d
A4: JB-1photo-1.pdf | B4: JB | C4: 1 | D4: 1 | E4: 21 | F4: 1 | G4: 9fb0f53f56d89f3286cdc508b93c989ab8f24e241c305c500a1aeb32674efce1
A5: JB-1photo-2.pdf | B5: JB | C5: 1 | D5: 2 | E5: 21 | F5: 1 | G5: 2259c232b25da377958f7c7574d3b5a1f731611ef11e1d32ace566bd8b77c52e
A6: JB-2photos-1.pdf | B6: JB | C6: 2 | D6: 1 | E6: 21 | F6: 1 | G6: a5c661f972549b85b40f7819433df2b6d37a96aa46eaec603bdd1a1c86edeffb
A7: JB-2photos-2.pdf | B7: JB | C7: 2 | D7: 2 | E7: 21 | F7: 1 | G7: 16224c5c0202745c9046dc3eb2c15e08e1c90ab98db4239a3da614f4e15d9fd1
A8: PF-1photo-1.pdf | B8: PF | C8: 1 | D8: 1 | E8: 21 | F8: 1 | G8: 61180199f1bf866e1614379b2a0b8d785c27cd7104e20a8f57b0d699784eaf26
A9: PF-1photo-2.pdf | B9: PF | C9: 1 | D9: 2 | E9: 21 | F9: 1 | G9: 49f67bc9cf913446217fcb87755a12fc9152c9ac52ede0ef5aa6687b0195adf4
A10: PF-2photos-1.pdf | B10: PF | C10: 2 | D10: 1 | E10: 21 | F10: 1 | G10: 45f6b0609f398d0946bf3963cd2ee83bb0beb3b3d84b3a5e622ad91ce56bc096
A11: PF-2photos-2.pdf | B11: PF | C11: 2 | D11: 2 | E11: 21 | F11: 1 | G11: e24f5706f6a0bd00bbfe54d54a81efb233fee2186cf261670793780d1abc5f30
A12: RF-1photo-1.pdf | B12: RF | C12: 1 | D12: 1 | E12: 21 | F12: 1 | G12: 063ca8793f77a63b91c5d78169a45bafe5e0f5ebab245ecfa2193723b1d23e99
A13: RF-2photos-1.pdf | B13: RF | C13: 2 | D13: 1 | E13: 21 | F13: 1 | G13: e6b6e63fc9d902bbaef85a72831476b975a70e598960640e8725392ba9180c4e
